Epic,Feature,User Story,Task,Acceptance Criteria,Business Value,Priority
"AI Board of Directors Core","CEO Agent Implementation","As a stakeholder, I need the CEO Agent to set high-level goals and communicate them to other agents so that the organization has clear direction.","Reference the existing CEO prompt in the VS Code environment.","CEO Agent can generate and communicate goals.","Provides strategic direction and ensures organizational coherence.",High
"AI Board of Directors Core","CEO Agent Implementation","As a stakeholder, I need the CEO Agent to set high-level goals and communicate them to other agents so that the organization has clear direction.","Test the CEO Agent's ability to generate and communicate goals.","CEO Agent can generate and communicate goals.","Provides strategic direction and ensures organizational coherence.",High
"AI Board of Directors Core","CEO Agent Implementation","As a stakeholder, I need the CEO Agent to set high-level goals and communicate them to other agents so that the organization has clear direction.","Validate the CEO Agent's ability to escalate decisions to the human stakeholder.","CEO Agent can escalate decisions to the human stakeholder.","Ensures critical decisions are handled appropriately.",High
"AI Board of Directors Core","SCRUM Master Agent Implementation","As a stakeholder, I need the SCRUM Master Agent to handle 'Blocked' messages from any agent so that issues are escalated and resolved efficiently.","Reference the SCRUM Master prompt in the VS Code environment.","SCRUM Master Agent can handle 'Blocked' messages.","Ensures issues are escalated and resolved efficiently.",High
"AI Board of Directors Core","SCRUM Master Agent Implementation","As a stakeholder, I need the SCRUM Master Agent to handle 'Blocked' messages from any agent so that issues are escalated and resolved efficiently.","Implement a basic 'Blocked' message handling mechanism.","SCRUM Master Agent can handle 'Blocked' messages.","Ensures issues are escalated and resolved efficiently.",High
"AI Board of Directors Core","SCRUM Master Agent Implementation","As a stakeholder, I need the SCRUM Master Agent to handle 'Blocked' messages from any agent so that issues are escalated and resolved efficiently.","Test the SCRUM Master Agent's ability to escalate unresolved issues to the human counterpart.","SCRUM Master Agent can escalate unresolved issues to the human counterpart.","Ensures critical issues are addressed.",High
"DevTeam Implementation","Product Owner Agent Implementation","As a stakeholder, I need the Product Owner Agent to manage the product backlog so that development efforts focus on high-value items.","Reference the Product Owner prompt in the VS Code environment.","Product Owner Agent can create and prioritize backlog items.","Ensures development efforts align with business priorities.",High
"DevTeam Implementation","Product Owner Agent Implementation","As a stakeholder, I need the Product Owner Agent to manage the product backlog so that development efforts focus on high-value items.","Test the Product Owner Agent's ability to create and prioritize backlog items.","Product Owner Agent can create and prioritize backlog items.","Ensures development efforts align with business priorities.",High
"DevTeam Implementation","Development Team Agent Implementation","As a stakeholder, I need the Development Team Agents to implement features defined in the backlog so that the MVP is functional.","Reference the DevTeam prototype in autogen/dotnet/samples/dev-team/devteam.backend/agents.","Development Team Agents can execute tasks from the backlog.","Enables actual software development and delivery.",High
"DevTeam Implementation","Development Team Agent Implementation","As a stakeholder, I need the Development Team Agents to implement features defined in the backlog so that the MVP is functional.","Test the Development Team Agents' ability to execute tasks from the backlog.","Development Team Agents can execute tasks from the backlog.","Enables actual software development and delivery.",High
"MCP Integration Framework","Domain-Language MCP Servers","As a stakeholder, I need MCP servers to expose domain-specific language so that agents can interact with external tools using native terminology.","Test the GitHub MCP server for basic functionality.","GitHub MCP server exposes domain-specific language.","Enables flexibility in working with different client environments.",High
"MCP Integration Framework","Domain-Language MCP Servers","As a stakeholder, I need MCP servers to expose domain-specific language so that agents can interact with external tools using native terminology.","Test the Azure MCP server for basic functionality.","Azure MCP server exposes domain-specific language.","Enables flexibility in working with different client environments.",High
"MCP Integration Framework","Domain-Language MCP Servers","As a stakeholder, I need MCP servers to expose domain-specific language so that agents can interact with external tools using native terminology.","Implement a fallback mechanism for unavailable MCP servers.","System notifies users of unavailable MCP servers and provides a fallback mechanism.","Ensures system reliability and user awareness.",High
"Human-AIGent Collaboration System","Decision Escalation Framework","As a stakeholder, I need agents to escalate decisions they cannot resolve to the human counterpart so that issues are addressed efficiently.","Implement a basic decision escalation mechanism.","Agents can escalate decisions to the human counterpart.","Ensures issues are addressed efficiently.",High
"Human-AIGent Collaboration System","Decision Escalation Framework","As a stakeholder, I need agents to escalate decisions they cannot resolve to the human counterpart so that issues are addressed efficiently.","Test the escalation workflow with the SCRUM Master Agent.","Agents can escalate decisions to the human counterpart.","Ensures issues are addressed efficiently.",High
"Retrospective Ceremony","Conduct Retrospective","As a stakeholder, I need the team to conduct a retrospective ceremony at the end of Sprint 0 so that feedback can be gathered to refine the MVP.","Reference SCRUM principles to define the retrospective structure and goals.","Retrospective ceremony is conducted according to SCRUM principles.","Gathers feedback to refine the MVP.",High
"Retrospective Ceremony","Conduct Retrospective","As a stakeholder, I need the team to conduct a retrospective ceremony at the end of Sprint 0 so that feedback can be gathered to refine the MVP.","Implement a mechanism for capturing feedback during the retrospective.","Feedback is captured and stored for analysis.","Gathers feedback to refine the MVP.",High
"Retrospective Ceremony","Conduct Retrospective","As a stakeholder, I need the team to conduct a retrospective ceremony at the end of Sprint 0 so that feedback can be gathered to refine the MVP.","Analyze feedback to identify improvements for future sprints.","Feedback is analyzed and actionable improvements are identified.","Improves future sprint planning and execution.",High
